id,first_name,last_name,email,gender,ip_address
1,Starla,McKintosh,smckintosh0@etsy.com,Female,65.50.5.85
2,Felicio,Horstead,fhorstead1@nbcnews.com,Male,183.128.117.105
3,Mayne,McDill,mmcdill2@storify.com,Male,195.165.97.233
4,Bartel,Penkman,bpenkman3@soup.io,Male,22.158.218.165
5,Marcelle,Petrillo,mpetrillo4@intel.com,Female,103.240.94.114
6,Freddy,Puzey,fpuzey5@creativecommons.org,Male,44.9.153.156
7,Timothee,Ginnane,tginnane6@constantcontact.com,Male,216.11.119.226
8,Ernie,Plumm,eplumm7@histats.com,Male,63.27.191.17
9,Penni,Pickering,ppickering8@joomla.org,Female,199.41.168.8
10,Caralie,Lindenberg,clindenberg9@cbslocal.com,Female,74.154.125.3
11,Alice,Salvage,asalvagea@weibo.com,Female,86.219.40.252
12,Noak,Annice,nanniceb@blogtalkradio.com,Male,240.209.225.181
13,Berna,Spenton,bspentonc@npr.org,Female,206.89.110.22
14,Tadd,O'Hingerty,tohingertyd@woothemes.com,Male,45.9.106.146
15,Dennison,Fahrenbacher,dfahrenbachere@yandex.ru,Male,246.182.119.136
16,Elmer,Blowick,eblowickf@shutterfly.com,Male,211.84.15.2
17,Poppy,Duran,pdurang@addtoany.com,Female,24.121.62.89
18,Hal,Kleinhandler,hkleinhandlerh@tiny.cc,Male,124.232.154.201
19,Cindee,Sharper,csharperi@cnn.com,Female,98.38.198.33
20,Tait,Lots,tlotsj@jimdo.com,Male,145.14.131.117
21,Sheila,Beiderbeck,sbeiderbeckk@amazonaws.com,Female,171.109.58.120
22,Jonell,Clue,jcluel@ycombinator.com,Female,54.125.119.146
23,Thedrick,Stanyan,tstanyanm@java.com,Male,103.26.94.193
24,Harmon,O'Growgane,hogrowganen@tumblr.com,Male,31.207.30.162
25,Krystalle,Sigsworth,ksigswortho@java.com,Female,13.5.220.211
26,Darleen,Buckeridge,dbuckeridgep@ucsd.edu,Female,143.44.66.168
27,Bidget,Sissland,bsisslandq@hc360.com,Female,164.219.49.37
28,Duffie,Maris,dmarisr@google.de,Male,7.116.255.25
29,Emeline,Bridgewood,ebridgewoods@washington.edu,Female,226.190.185.252
30,Brandise,Vanini,bvaninit@bloglines.com,Female,171.161.43.221
